"u","Points:0","Points:1","Points:2"
5.5572909010e+02,1.0000000000e+00,0.0000000000e+00,0.0000000000e+00
4.1557290959e+02,1.8999999762e+00,0.0000000000e+00,0.0000000000e+00
4.1557290959e+02,1.8999999762e+00,5.0000000000e-01,0.0000000000e+00
5.5572909010e+02,1.0000000000e+00,5.0000000000e-01,0.0000000000e+00
4.0000000000e+02,2.0000000000e+00,0.0000000000e+00,0.0000000000e+00
4.0000000000e+02,2.0000000000e+00,5.0000000000e-01,0.0000000000e+00
4.1568037356e+02,1.8999999762e+00,5.0000000000e-01,0.0000000000e+00
4.1568037356e+02,1.8999999762e+00,0.0000000000e+00,0.0000000000e+00
