"u","Points:0","Points:1","Points:2"
6.3934641144e+02,0.0000000000e+00,0.0000000000e+00,0.0000000000e+00
4.3829542612e+02,8.3999997377e-01,0.0000000000e+00,0.0000000000e+00
4.3829542612e+02,8.3999997377e-01,5.0000000000e-01,0.0000000000e+00
6.3934641144e+02,0.0000000000e+00,5.0000000000e-01,0.0000000000e+00
4.0000000000e+02,1.0000000000e+00,0.0000000000e+00,0.0000000000e+00
4.0000000000e+02,1.0000000000e+00,5.0000000000e-01,0.0000000000e+00
4.3831074638e+02,8.3999997377e-01,5.0000000000e-01,0.0000000000e+00
4.3831074638e+02,8.3999997377e-01,0.0000000000e+00,0.0000000000e+00
