"u","Points:0","Points:1","Points:2"
5.8001016131e+02,1.0000000000e+00,0.0000000000e+00,0.0000000000e+00
5.3501693193e+02,1.2500000000e+00,0.0000000000e+00,0.0000000000e+00
5.3501693193e+02,1.2500000000e+00,5.0000000000e-01,0.0000000000e+00
5.8001016131e+02,1.0000000000e+00,5.0000000000e-01,0.0000000000e+00
5.3501693193e+02,1.2500000000e+00,0.0000000000e+00,0.0000000000e+00
4.9003324909e+02,1.5000000000e+00,0.0000000000e+00,0.0000000000e+00
4.9003324909e+02,1.5000000000e+00,5.0000000000e-01,0.0000000000e+00
5.3501693193e+02,1.2500000000e+00,5.0000000000e-01,0.0000000000e+00
4.9003324909e+02,1.5000000000e+00,0.0000000000e+00,0.0000000000e+00
4.4504670108e+02,1.7500000000e+00,0.0000000000e+00,0.0000000000e+00
4.4504670108e+02,1.7500000000e+00,5.0000000000e-01,0.0000000000e+00
4.9003324909e+02,1.5000000000e+00,5.0000000000e-01,0.0000000000e+00
4.4504670108e+02,1.7500000000e+00,0.0000000000e+00,0.0000000000e+00
4.2522615271e+02,1.8600000143e+00,0.0000000000e+00,0.0000000000e+00
4.2522615271e+02,1.8600000143e+00,5.0000000000e-01,0.0000000000e+00
4.4504670108e+02,1.7500000000e+00,5.0000000000e-01,0.0000000000e+00
4.0000000000e+02,2.0000000000e+00,0.0000000000e+00,0.0000000000e+00
4.0000000000e+02,2.0000000000e+00,5.0000000000e-01,0.0000000000e+00
4.2519462601e+02,1.8600000143e+00,5.0000000000e-01,0.0000000000e+00
4.2519462601e+02,1.8600000143e+00,0.0000000000e+00,0.0000000000e+00
