"u","Points:0","Points:1","Points:2"
4.4000000000e+02,1.0000000000e+00,0.0000000000e+00,0.0000000000e+00
4.3000000000e+02,1.2500000000e+00,0.0000000000e+00,0.0000000000e+00
4.3000000000e+02,1.2500000000e+00,5.0000000000e-01,0.0000000000e+00
4.4000000000e+02,1.0000000000e+00,5.0000000000e-01,0.0000000000e+00
4.3000000000e+02,1.2500000000e+00,0.0000000000e+00,0.0000000000e+00
4.2000000000e+02,1.5000000000e+00,0.0000000000e+00,0.0000000000e+00
4.2000000000e+02,1.5000000000e+00,5.0000000000e-01,0.0000000000e+00
4.3000000000e+02,1.2500000000e+00,5.0000000000e-01,0.0000000000e+00
4.2000000000e+02,1.5000000000e+00,0.0000000000e+00,0.0000000000e+00
4.1000000000e+02,1.7500000000e+00,0.0000000000e+00,0.0000000000e+00
4.1000000000e+02,1.7500000000e+00,5.0000000000e-01,0.0000000000e+00
4.2000000000e+02,1.5000000000e+00,5.0000000000e-01,0.0000000000e+00
4.1000000000e+02,1.7500000000e+00,0.0000000000e+00,0.0000000000e+00
4.0000000000e+02,2.0000000000e+00,0.0000000000e+00,0.0000000000e+00
4.0000000000e+02,2.0000000000e+00,5.0000000000e-01,0.0000000000e+00
4.1000000000e+02,1.7500000000e+00,5.0000000000e-01,0.0000000000e+00
