"u","Points:0","Points:1","Points:2"
4.6254678842e+02,0.0000000000e+00,0.0000000000e+00,0.0000000000e+00
4.0125093572e+02,9.8000001907e-01,0.0000000000e+00,0.0000000000e+00
4.0125093572e+02,9.8000001907e-01,5.0000000000e-01,0.0000000000e+00
4.6254678842e+02,0.0000000000e+00,5.0000000000e-01,0.0000000000e+00
4.0000000000e+02,1.0000000000e+00,0.0000000000e+00,0.0000000000e+00
4.0000000000e+02,1.0000000000e+00,5.0000000000e-01,0.0000000000e+00
4.0129475308e+02,9.8000001907e-01,5.0000000000e-01,0.0000000000e+00
4.0129475308e+02,9.8000001907e-01,0.0000000000e+00,0.0000000000e+00
