"u","Points:0","Points:1","Points:2"
5.3430028300e+02,0.0000000000e+00,0.0000000000e+00,0.0000000000e+00
4.1074402224e+02,9.2000001669e-01,0.0000000000e+00,0.0000000000e+00
4.1074402224e+02,9.2000001669e-01,5.0000000000e-01,0.0000000000e+00
5.3430028300e+02,0.0000000000e+00,5.0000000000e-01,0.0000000000e+00
4.0000000000e+02,1.0000000000e+00,0.0000000000e+00,0.0000000000e+00
4.0000000000e+02,1.0000000000e+00,5.0000000000e-01,0.0000000000e+00
4.1076428875e+02,9.2000001669e-01,5.0000000000e-01,0.0000000000e+00
4.1076428875e+02,9.2000001669e-01,0.0000000000e+00,0.0000000000e+00
